{ "_id" : { "$oid" : "5915af98c29b716cbb0e5f1d" }, "nombre" : "Viaje a Londres", "divisa" : "€", "idCreador" : { "$oid" : "5915af75c29b716cbb0e5f18" }, "participantes" : [ { "_id" : { "$oid" : "5915af75c29b716cbb0e5f19" }, "nombre" : "miguel", "idAmigoDe" : { "$oid" : "5915af75c29b716cbb0e5f18" } }, { "_id" : { "$oid" : "5915af85c29b716cbb0e5f1a" }, "nombre" : "Pepe", "idAmigoDe" : { "$oid" : "5915af75c29b716cbb0e5f18" } }, { "_id" : { "$oid" : "5915af89c29b716cbb0e5f1b" }, "nombre" : "Manolo", "idAmigoDe" : { "$oid" : "5915af75c29b716cbb0e5f18" } } ] }
{ "_id" : { "$oid" : "5915b00ac29b716cbb0e5f22" }, "nombre" : "Finde playa", "divisa" : "€", "idCreador" : { "$oid" : "5915af75c29b716cbb0e5f18" }, "participantes" : [ { "_id" : { "$oid" : "5915af75c29b716cbb0e5f19" }, "nombre" : "miguel", "idAmigoDe" : { "$oid" : "5915af75c29b716cbb0e5f18" } }, { "_id" : { "$oid" : "5915af8dc29b716cbb0e5f1c" }, "nombre" : "Cristina", "idAmigoDe" : { "$oid" : "5915af75c29b716cbb0e5f18" } } ] }
