{ "_id" : { "$oid" : "5915afc9c29b716cbb0e5f1f" }, "nombre" : "Cervezas", "precio" : 30.0, "idEvento" : { "$oid" : "5915af98c29b716cbb0e5f1d" }, "idPagador" : { "$oid" : "5915af75c29b716cbb0e5f19" }, "deudores" : [ { "_id" : { "$oid" : "5915af75c29b716cbb0e5f19" }, "nombre" : "miguel", "idAmigoDe" : { "$oid" : "5915af75c29b716cbb0e5f18" } }, { "_id" : { "$oid" : "5915af85c29b716cbb0e5f1a" }, "nombre" : "Pepe", "idAmigoDe" : { "$oid" : "5915af75c29b716cbb0e5f18" } }, { "_id" : { "$oid" : "5915af89c29b716cbb0e5f1b" }, "nombre" : "Manolo", "idAmigoDe" : { "$oid" : "5915af75c29b716cbb0e5f18" } } ] }
{ "_id" : { "$oid" : "5915afe8c29b716cbb0e5f20" }, "nombre" : "Compra supermercado", "precio" : 50.0, "idEvento" : { "$oid" : "5915af98c29b716cbb0e5f1d" }, "idPagador" : { "$oid" : "5915af85c29b716cbb0e5f1a" }, "deudores" : [ { "_id" : { "$oid" : "5915af75c29b716cbb0e5f19" }, "nombre" : "miguel", "idAmigoDe" : { "$oid" : "5915af75c29b716cbb0e5f18" } }, { "_id" : { "$oid" : "5915af85c29b716cbb0e5f1a" }, "nombre" : "Pepe", "idAmigoDe" : { "$oid" : "5915af75c29b716cbb0e5f18" } }, { "_id" : { "$oid" : "5915af89c29b716cbb0e5f1b" }, "nombre" : "Manolo", "idAmigoDe" : { "$oid" : "5915af75c29b716cbb0e5f18" } } ] }
{ "_id" : { "$oid" : "5915aff6c29b716cbb0e5f21" }, "nombre" : "Cena copas", "precio" : 24.0, "idEvento" : { "$oid" : "5915af98c29b716cbb0e5f1d" }, "idPagador" : { "$oid" : "5915af89c29b716cbb0e5f1b" }, "deudores" : [ { "_id" : { "$oid" : "5915af85c29b716cbb0e5f1a" }, "nombre" : "Pepe", "idAmigoDe" : { "$oid" : "5915af75c29b716cbb0e5f18" } }, { "_id" : { "$oid" : "5915af89c29b716cbb0e5f1b" }, "nombre" : "Manolo", "idAmigoDe" : { "$oid" : "5915af75c29b716cbb0e5f18" } } ] }
{ "_id" : { "$oid" : "5915b024c29b716cbb0e5f23" }, "nombre" : "Gasolina", "precio" : 50.0, "idEvento" : { "$oid" : "5915b00ac29b716cbb0e5f22" }, "idPagador" : { "$oid" : "5915af75c29b716cbb0e5f19" }, "deudores" : [ { "_id" : { "$oid" : "5915af75c29b716cbb0e5f19" }, "nombre" : "miguel", "idAmigoDe" : { "$oid" : "5915af75c29b716cbb0e5f18" } }, { "_id" : { "$oid" : "5915af8dc29b716cbb0e5f1c" }, "nombre" : "Cristina", "idAmigoDe" : { "$oid" : "5915af75c29b716cbb0e5f18" } } ] }
{ "_id" : { "$oid" : "5915b030c29b716cbb0e5f24" }, "nombre" : "Cena viernes", "precio" : 24.0, "idEvento" : { "$oid" : "5915b00ac29b716cbb0e5f22" }, "idPagador" : { "$oid" : "5915af8dc29b716cbb0e5f1c" }, "deudores" : [ { "_id" : { "$oid" : "5915af75c29b716cbb0e5f19" }, "nombre" : "miguel", "idAmigoDe" : { "$oid" : "5915af75c29b716cbb0e5f18" } }, { "_id" : { "$oid" : "5915af8dc29b716cbb0e5f1c" }, "nombre" : "Cristina", "idAmigoDe" : { "$oid" : "5915af75c29b716cbb0e5f18" } } ] }
{ "_id" : { "$oid" : "5915b04ec29b716cbb0e5f25" }, "nombre" : "Comida Sábado", "precio" : 25.0, "idEvento" : { "$oid" : "5915b00ac29b716cbb0e5f22" }, "idPagador" : { "$oid" : "5915af8dc29b716cbb0e5f1c" }, "deudores" : [ { "_id" : { "$oid" : "5915af75c29b716cbb0e5f19" }, "nombre" : "miguel", "idAmigoDe" : { "$oid" : "5915af75c29b716cbb0e5f18" } }, { "_id" : { "$oid" : "5915af8dc29b716cbb0e5f1c" }, "nombre" : "Cristina", "idAmigoDe" : { "$oid" : "5915af75c29b716cbb0e5f18" } } ] }
{ "_id" : { "$oid" : "5915b071c29b716cbb0e5f26" }, "nombre" : "Bebidas", "precio" : 12.0, "idEvento" : { "$oid" : "5915b00ac29b716cbb0e5f22" }, "idPagador" : { "$oid" : "5915af75c29b716cbb0e5f19" }, "deudores" : [ { "_id" : { "$oid" : "5915af75c29b716cbb0e5f19" }, "nombre" : "miguel", "idAmigoDe" : { "$oid" : "5915af75c29b716cbb0e5f18" } }, { "_id" : { "$oid" : "5915af8dc29b716cbb0e5f1c" }, "nombre" : "Cristina", "idAmigoDe" : { "$oid" : "5915af75c29b716cbb0e5f18" } } ] }
