{ "_id" : { "$oid" : "5915af49c29b716cbb0e5f14" }, "nombre" : "admin", "password" : "admin", "email" : "admin", "amigos" : [ { "_id" : { "$oid" : "5915af4ac29b716cbb0e5f16" }, "nombre" : "admin", "idAmigoDe" : { "$oid" : "5915af49c29b716cbb0e5f14" } } ] }
{ "_id" : { "$oid" : "5915af75c29b716cbb0e5f18" }, "nombre" : "miguel", "password" : "miguel", "email" : "miguel", "amigos" : [ { "_id" : { "$oid" : "5915af75c29b716cbb0e5f19" }, "nombre" : "miguel", "idAmigoDe" : { "$oid" : "5915af75c29b716cbb0e5f18" } }, { "_id" : { "$oid" : "5915af85c29b716cbb0e5f1a" }, "nombre" : "Pepe", "idAmigoDe" : { "$oid" : "5915af75c29b716cbb0e5f18" } }, { "_id" : { "$oid" : "5915af89c29b716cbb0e5f1b" }, "nombre" : "Manolo", "idAmigoDe" : { "$oid" : "5915af75c29b716cbb0e5f18" } }, { "_id" : { "$oid" : "5915af8dc29b716cbb0e5f1c" }, "nombre" : "Cristina", "idAmigoDe" : { "$oid" : "5915af75c29b716cbb0e5f18" } } ] }
{ "_id" : { "$oid" : "5915b0acc29b716cbb0e5f27" }, "nombre" : "angel", "password" : "angel", "email" : "angel", "amigos" : [ { "_id" : { "$oid" : "5915b0acc29b716cbb0e5f28" }, "nombre" : "angel", "idAmigoDe" : { "$oid" : "5915b0acc29b716cbb0e5f27" } } ] }
